survivor,collapsed,canonical,source
10.1109/icbase70763.2026.11619482,['10.1109/icbase70763.2026.11619482'],,
W4411172218,"['10.1109/iccct63501.2025.11019682', '10.1109/iccct63501.2025.11019682']",,
W7126264095,"['10.1109/iconat66879.2025.11362367', '10.1109/iconat66879.2025.11362367']",,
10.1109/tempr.2025.3633992,"['10.1109/tempr.2025.3633992', 'W4416286109']",,
W7160856758,"['10.1109/cisce69494.2026.11504945', '10.1109/cisce69494.2026.11504945']",,
10.1109/icercs65898.2025.11580555,['10.1109/icercs65898.2025.11580555'],,
10.1109/ecis65594.2025.11086987,['10.1109/ecis65594.2025.11086987'],,
10.1109/icarai70085.2026.11635472,['10.1109/icarai70085.2026.11635472'],,
10.1109/access.2026.3716684,"['10.1109/access.2026.3716684', 'W7170918848']",,
10.1109/compsac69091.2026.00269,['10.1109/compsac69091.2026.00269'],,
10.1109/icdsca67083.2025.11350185,['10.1109/icdsca67083.2025.11350185'],,
10.26599/jic.2026.9180111,['10.26599/jic.2026.9180111'],,
W7124186202,"['10.1109/icpads67057.2025.11323204', '10.1109/icpads67057.2025.11323204', '2510.26242v1']",,
10.1109/iicai70155.2026.11620998,['10.1109/iicai70155.2026.11620998'],,
10.1109/access.2026.3693365,"['10.1109/access.2026.3693365', 'W7161179978']",,
10.1109/tmc.2026.3669346,"['10.1109/tmc.2026.3669346', 'W7133244348']",,
10.1109/yef-ece70590.2026.11614644,['10.1109/yef-ece70590.2026.11614644'],,
10.1109/tits.2026.3715630,['10.1109/tits.2026.3715630'],,
W4407169644,"['10.1109/iciics63763.2024.10859967', '10.1109/iciics63763.2024.10859967']",,
10.1109/eitce70137.2026.11634570,['10.1109/eitce70137.2026.11634570'],,
10.1109/sci68648.2025.11333875,['10.1109/sci68648.2025.11333875'],,
10.1109/aist68591.2025.11441571,['10.1109/aist68591.2025.11441571'],,
10.1109/aixse64906.2025.00019,['10.1109/aixse64906.2025.00019'],,
10.1109/fllm67465.2025.11391103,['10.1109/fllm67465.2025.11391103'],,
10.1109/incowoco68239.2025.11407254,['10.1109/incowoco68239.2025.11407254'],,
10.1109/access.2026.3720493,['10.1109/access.2026.3720493'],,
W7131102993,"['10.1109/ispds67367.2025.11390897', '10.1109/ispds67367.2025.11390897']",,
10.1109/aiea70743.2026.11632622,['10.1109/aiea70743.2026.11632622'],,
10.1109/tccn.2026.3710519,['10.1109/tccn.2026.3710519'],,
W7125916965,"['10.1109/ica67499.2025.00034', '10.1109/ica67499.2025.00034']",,
W7130554965,"['10.1109/icocics68032.2025.11384057', '10.1109/icocics68032.2025.11384057']",,
10.1109/tmc.2025.3528413,['10.1109/tmc.2025.3528413'],,
10.1109/ei268505.2025.11425080,['10.1109/ei268505.2025.11425080'],,
10.1109/icbdse70225.2026.11635503,['10.1109/icbdse70225.2026.11635503'],,
10.1109/infocom59046.2026.11571236,['10.1109/infocom59046.2026.11571236'],,
W7128303426,"['10.1109/mnet.2026.3657581', '10.1109/mnet.2026.3657581']",,
10.17775/cseejpes.2025.08910,['10.17775/cseejpes.2025.08910'],,
10.1109/cac67268.2025.11487625,['10.1109/cac67268.2025.11487625'],,
10.1109/cac67268.2025.11487397,['10.1109/cac67268.2025.11487397'],,
10.1109/mita66017.2025.11100261,['10.1109/mita66017.2025.11100261'],,
10.1109/aiot66900.2025.00018,['10.1109/aiot66900.2025.00018'],,
10.1109/cisce69494.2026.11504621,['10.1109/cisce69494.2026.11504621'],,
W7147007827,"['10.1109/cnml68938.2026.11453032', '10.1109/cnml68938.2026.11453032', 'W7133970010']",,
W4414054808,['10.1109/icmi65310.2025.11141256'],,
10.1109/compsac69091.2026.00104,['10.1109/compsac69091.2026.00104'],,
10.1109/tg.2025.3564042,"['10.1109/tg.2025.3564042', 'W4409762879']",,
10.1109/cac67268.2025.11487238,['10.1109/cac67268.2025.11487238'],,
10.1109/usbereit70063.2026.11580973,['10.1109/usbereit70063.2026.11580973'],,
10.1109/cloud72782.2026.00018,['10.1109/cloud72782.2026.00018'],,
10.1109/iccci70321.2026.11666502,['10.1109/iccci70321.2026.11666502'],,
10.1109/icrai70912.2026.11551963,['10.1109/icrai70912.2026.11551963'],,
10.1109/ccwc67433.2026.11393821,['10.1109/ccwc67433.2026.11393821'],,
10.1109/tvt.2026.3717035,['10.1109/tvt.2026.3717035'],,
10.1109/greentech68285.2026.11471628,['10.1109/greentech68285.2026.11471628'],,
W4406355186,"['10.1109/ictc62082.2024.10827595', '10.1109/ictc62082.2024.10827595']",,
10.1109/isaes70982.2026.11669833,['10.1109/isaes70982.2026.11669833'],,
W4415399190,"['10.1109/sisy67000.2025.11205417', '10.1109/sisy67000.2025.11205417']",,
10.1109/aitest70988.2026.00040,['10.1109/aitest70988.2026.00040'],,
10.1109/tvt.2026.3728548,['10.1109/tvt.2026.3728548'],,
10.1109/ceccc68691.2025.00016,['10.1109/ceccc68691.2025.00016'],,
10.1109/eurospw72509.2026.00057,['10.1109/eurospw72509.2026.00057'],,
10.1109/cars67163.2025.11337894,['10.1109/cars67163.2025.11337894'],,
10.1109/mnet.2026.3711017,['10.1109/mnet.2026.3711017'],,
10.1109/access.2026.3681404,['10.1109/access.2026.3681404'],,
10.1109/icera72709.2026.11666732,['10.1109/icera72709.2026.11666732'],,
W7163134772,['10.1109/icaiset66439.2026.11541396'],,
10.1109/icitsif69060.2026.11608458,['10.1109/icitsif69060.2026.11608458'],,
10.1109/acsac67867.2025.00093,['10.1109/acsac67867.2025.00093'],,
10.1109/icft66708.2025.11336542,['10.1109/icft66708.2025.11336542'],,
10.1109/jstsp.2026.3713806,['10.1109/jstsp.2026.3713806'],,
10.1109/icws72778.2026.00057,['10.1109/icws72778.2026.00057'],,
W7160283634,"['10.1109/aiei69164.2026.11496917', '10.1109/aiei69164.2026.11496917']",,
10.1109/icc51166.2024.10623108,['10.1109/icc51166.2024.10623108'],,
10.1109/itsc60802.2025.11423790,['10.1109/itsc60802.2025.11423790'],,
10.1109/metrolivenv70468.2026.11659911,['10.1109/metrolivenv70468.2026.11659911'],,
W7131295740,"['10.1109/iccece69169.2026.11399756', '10.1109/iccece69169.2026.11399756']",,
10.1109/icws72778.2026.00166,['10.1109/icws72778.2026.00166'],,
10.1109/access.2026.3672699,"['10.1109/access.2026.3672699', 'W7134970244', 'W7129517594']",,
10.1109/eei70303.2026.11640639,['10.1109/eei70303.2026.11640639'],,
10.1109/jcc72984.2026.00019,['10.1109/jcc72984.2026.00019'],,
10.1109/compsac69091.2026.00054,['10.1109/compsac69091.2026.00054'],,
10.1109/wcnc65185.2026.11555260,['10.1109/wcnc65185.2026.11555260'],,
10.1109/ecnct70535.2026.11661501,['10.1109/ecnct70535.2026.11661501'],,
10.1109/jstars.2026.3698592,"['10.1109/jstars.2026.3698592', 'W7163010966']",,
W4407784102,['10.1109/comsnets63942.2025.10885706'],,
10.1109/icera72709.2026.11666711,['10.1109/icera72709.2026.11666711'],,
W7123346067,"['10.1109/icdiss68238.2025.11320766', '10.1109/icdiss68238.2025.11320766']",,
10.1109/gcon69192.2026.11648987,['10.1109/gcon69192.2026.11648987'],,
W4417131711,"['10.1109/bhi67747.2025.11269507', '10.1109/bhi67747.2025.11269507']",,
10.1109/icassp55912.2026.11464574,['10.1109/icassp55912.2026.11464574'],,
10.1109/ojcoms.2025.3642642,"['W4417426828', 'W7113901793']",,
10.1109/icassp55912.2026.11463222,['10.1109/icassp55912.2026.11463222'],,
10.1109/siu71813.2026.11636756,['10.1109/siu71813.2026.11636756'],,
10.1109/mipro70003.2026.11591581,['10.1109/mipro70003.2026.11591581'],,
10.1109/access.2026.3724622,['10.1109/access.2026.3724622'],,
10.1109/compsac69091.2026.00234,['10.1109/compsac69091.2026.00234'],,
10.1109/icdcece68961.2026.11646123,['10.1109/icdcece68961.2026.11646123'],,
10.1109/iceccme64568.2025.11277972,['10.1109/iceccme64568.2025.11277972'],,
10.1109/sse72781.2026.00018,['10.1109/sse72781.2026.00018'],,
10.1109/cac67268.2025.11487818,['10.1109/cac67268.2025.11487818'],,
10.1109/ichi69079.2026.00103,['10.1109/ichi69079.2026.00103'],,
W7133314893,"['10.1109/iccids69108.2026.11407853', '10.1109/iccids69108.2026.11407853']",,
10.1109/jiot.2025.3632638,['W7105612452'],,
10.1109/netsoft70012.2026.11603499,['10.1109/netsoft70012.2026.11603499'],,
10.1109/access.2026.3724626,['W7203721462'],,
10.1109/ichi69079.2026.00176,['10.1109/ichi69079.2026.00176'],,
10.1109/cai68641.2026.11536481,['10.1109/cai68641.2026.11536481'],,
W4417405261,"['10.1109/icidca66325.2025.11280317', '10.1109/icidca66325.2025.11280317']",,
10.1109/mcomstd.2026.3674904,['10.1109/mcomstd.2026.3674904'],,
10.1109/icufn69619.2026.11628683,['10.1109/icufn69619.2026.11628683'],,
10.1109/icciaa68481.2026.11543940,['10.1109/icciaa68481.2026.11543940'],,
10.1109/infocom59046.2026.11571400,['10.1109/infocom59046.2026.11571400'],,
10.1109/tfuzz.2025.3581205,"['10.1109/tfuzz.2025.3581205', 'W4411446206']",,
10.1109/access.2026.3698020,['10.1109/access.2026.3698020'],,
10.1109/eeps68057.2025.11351537,['10.1109/eeps68057.2025.11351537'],,
10.1109/dlcv65218.2025.11088533,['10.1109/dlcv65218.2025.11088533'],,
10.1109/ccai69603.2026.11642106,['10.1109/ccai69603.2026.11642106'],,
10.1109/icecet65726.2026.11632566,['10.1109/icecet65726.2026.11632566'],,
10.1109/access.2026.3722340,"['10.1109/access.2026.3722340', 'W7202134437']",,
10.1109/caibda70336.2026.11621849,['10.1109/caibda70336.2026.11621849'],,
10.1109/access.2026.3700477,['10.1109/access.2026.3700477'],,
10.1109/mnet.2026.3658903,['10.1109/mnet.2026.3658903'],,
W4407248295,"['10.1109/techdefense63521.2024.10863311', '10.1109/techdefense63521.2024.10863311']",,
W7155529625,"['10.1109/btfm69084.2026.11484108', '10.1109/btfm69084.2026.11484108']",,
10.1109/mlise70044.2026.11607533,['10.1109/mlise70044.2026.11607533'],,
10.1109/jsac.2025.3643414,"['10.1109/jsac.2025.3643414', 'W7114927671']",,
10.1109/2575-8411.2026.00129,['10.1109/2575-8411.2026.00129'],,
10.1109/tccn.2026.3722837,['10.1109/tccn.2026.3722837'],,
10.1109/lra.2026.3655265,['10.1109/lra.2026.3655265'],,
10.1109/mic.2025.3570554,['10.1109/mic.2025.3570554'],,
W4411950697,"['10.1109/iucc65928.2024.00027', '10.1109/iucc65928.2024.00027']",,
10.1109/jbhi.2025.3622508,['W4416024775'],,
W4414742476,"['10.1109/icassp55912.2026.11464372', '10.1109/icassp55912.2026.11464372']",,
10.1109/comst.2026.3683120,['10.1109/comst.2026.3683120'],,
10.1109/3ict68299.2025.11442234,['10.1109/3ict68299.2025.11442234'],,
10.1109/ic-icns68863.2026.11537871,['10.1109/ic-icns68863.2026.11537871'],,
10.1109/jbhi.2026.3680772,['10.1109/jbhi.2026.3680772'],,
10.1109/ichi61247.2024.00092,['10.1109/ichi61247.2024.00092'],,
10.1109/ijcnn64981.2025.11229203,['10.1109/ijcnn64981.2025.11229203'],,
W7130613445,['10.1109/iciiet65921.2025.11377539'],,
W7161125770,['10.1109/mcom.001.2500767'],,
W4401880307,['10.1109/compsac61105.2024.00351'],,
W7130731173,"['10.1109/swc65939.2025.00239', 'W4414970983']",,
W7123597706,['10.1109/ictbig68706.2025.11323835'],,
W7135218993,['10.1109/mwc.2026.3666489'],,
W7124993932,['10.1109/icaaic64647.2025.11330630'],,
W4416249568,['10.1109/ijcnn64981.2025.11227412'],,
W4410228793,['10.1109/pdgc64653.2024.10984154'],,
W4415202833,['10.1109/iccv51701.2025.00099'],,
W7130682610,['10.1109/computingcon64838.2025.11378017'],,
sc_0103,"['sc_0125', 'sc_0131', 'sc_0135', 'sc_0137']",,
sc_0237,"['sc_0238', 'sc_0240', 'sc_0254']",,
sc_0242,"['sc_0243', 'sc_0244', 'sc_0245', 'sc_0247', 'sc_0248', 'sc_0252']",,
sc_0262,['sc_0263'],,
W7147025616,"['W7124158958', 'W7124143527']",,
W7158640018,"['W7159734216', '2604.26597v1']",,
W7129328134,['W7130236478'],,
W7168289904,['W7168305890'],,
W4415314389,['2510.06263v1'],,
W7202244585,['2608.10273v1'],,
W7158937755,"['W7159733836', '2604.26766v1']",,
W7160332441,['W7160341876'],,
W4416435594,['2511.01289v1'],,
W7159610899,['W7159593392'],,
W7162336930,['W7162334415'],,
W7152633449,"['W7153670791', '2604.07003v2']",,
W7148569041,['W7148602665'],,
W7159649894,['2604.13075v2'],,
W7118375761,"['W7119233014', '2601.00513v1']",,
W7140327144,['W7140309261'],,
W7170154525,"['W7170989308', '2607.19608v1']",,
W4396758671,"['W4391244640', '2401.13298v1']",,
W7125422347,"['W7125460184', '2601.14290v1']",,
W7167204146,['W7167352068'],,
W7157287096,"['W7158422958', '2604.23263v1']",,
W7201973005,['W7201949960'],,
W7128599662,['W7169287397'],,
W7203604614,['2608.13787v1'],,
W7167631839,"['W7167748787', '2607.02869v1']",,
W7104259013,['W7104311428'],,
W7204236193,"['W7204233110', 'W7204271777']",,
W7158097861,"['W7117262368', 'W7148835941']",,
W7117327379,['W7148910007'],,
W7140412218,"['W7141772337', '2603.23954v1']",,
W7166874808,"['W7160933577', 'W7161091938', '2605.10171v1']",,
W4401306743,['2407.21630v2'],,
W7140306232,"['W7140953397', '2603.22866v1']",,
W7165792965,"['W7165972921', '2606.23695v1']",,
W7162503729,['W7162699706'],,
W7106373385,['W7106235811'],,
W7158627932,"['W7158527758', 'W7159119776', 'W7158985392']",,
W7159851489,['W7159870651'],,
W7202031018,['W7202036840'],,
W7165359924,['W7165357695'],,
W7206159375,['W7165564659'],,
W7127139995,['W7125644628'],,
W7108078613,['W7108069202'],,
W7169802057,"['W7169770120', 'W7169783276']",,
W7172202253,['W7172215907'],,
W7115680432,"['W7115711488', 'W7115901782']",,
W7148487374,['W7149210741'],,
W7163183567,['W7163597217'],,
W7165561061,['W7165596412'],,
W7154702015,['W7154691105'],,
W7169855556,['W7169841901'],,
W7149694361,['W7149547442'],,
W7126386525,['W7126429204'],,
W7201887273,['W7201841149'],,
W7129009206,"['W7129180805', '2602.12284v1']",,
W4417513084,['2505.06399v1'],,
W7128645888,['W7128632648'],,
W7161846176,['W7162045215'],,
W7204208046,['2608.21529v1'],,
W7153776919,['W7153779095'],,
W7207648468,['W7164823483'],,
W7164954750,['W7148818559'],,
W7167267911,['W7167212366'],,
W4403550978,['W4403509394'],,
W4411427556,['W7127629239'],,
W4404783072,"['W4403578683', '2410.12475v2']",,
W4415427436,"['W4417149474', '2503.16477v1']",,
W4406449971,['2501.08208v2'],,
W4411665982,['W4407957142'],,
W4405765376,['2412.16176v1'],,
W7108244596,['W7108247408'],,
W7124946072,['2511.21877v1'],,
W7169226813,"['W7169633970', '2607.13038v1']",,
W4415058463,['2505.20521v2'],,
W7159653725,['W7159597512'],,
W7171497280,"['W7171748682', '2607.23132v1']",,
W4416527846,['2511.10900v2'],,
W7160499232,"['W7161298858', 'W7160519806', 'W7160506386']",,
W7138904182,"['W7139146512', 'W7165782003', '2603.16495v1']",,
W7167610494,"['W7167747724', '2607.05055v1']",,
W7140444488,['W7140542588'],,
W7165127910,['W7165174710'],,
W7160626352,"['W7160596919', 'W7160698414']",,
W7167809262,['W7167785968'],,
W7204546629,['W7204708597'],,
W4391784296,['W4391563788'],,
W4412888059,['W4414850270'],,
W4399911213,['2406.13805v1'],,
W7117577866,"['W7123254644', 'W7123371842']",,
W4416035742,['W4416830000'],,
W4395044467,['W7110983302'],,
W7165165530,['W7165219748'],,
W4416036780,['W4417097881'],,
W4404781339,['W4404089147'],,
W4413360566,['2508.03553v1'],,
W4416035234,['W4417298500'],,
W4402671803,['W4391987626'],,
W4416036852,['W4416117427'],,
W4412945731,['W4406793664'],,
W7123252152,['W7123371323'],,
W7124299578,['W7124358312'],,
W7166827489,"['W7123553437', 'W7124117186']",,
W4416036332,['W4415937818'],,
W7124424683,['W7124513137'],,
W7168396546,"['W7154211451', 'W7153954647', 'W7154538921']",,
W7124939488,['W4406890720'],,
W7163171164,['W7163597389'],,
W7133823998,['W7134016632'],,
W7105223810,['W7104857003'],,
W7202134642,['W7202230531'],,
W7131274501,['W7131284206'],,
W7161798567,['W7162044732'],,
W7161158404,['W7161159785'],,
W7206180544,"['W7206194169', 'W4403795513']",,
W7154177581,['W7154427292'],,
W7153843095,['W7153712802'],,
W7163984971,['W7164234515'],,
W7167628479,['W7167746866'],,
W4417211988,['W4416049995'],,
W7171531728,['W7171748561'],,
W7162433532,['W7162606437'],,
W7172499403,['W7197054066'],,
W4415343540,['2507.02949v2'],,
W7111196492,['W7113916212'],,
W7154990167,['W7155245449'],,
W7160947420,['W7161091904'],,
W7160646157,['W7160727330'],,
W7117460868,['W7117476187'],,
W7165618382,['W7165817787'],,
W7161683657,['W7161916551'],,
W7117115912,['W7117927091'],,
W7108069537,['W7108078951'],,
W7123684716,['W7124117174'],,
W7161240324,['W7161452056'],,
W7127609723,"['W7127599303', 'W7119484242']",,
W4416239006,['2511.10375v1'],,
W7168156493,['W7168178439'],,
W7162553641,['W7162699710'],,
W7161236233,['W7125693910'],,
W7131381186,['W7131320177'],,
W7170150512,['W7170182059'],,
W7171540022,['W7171542411'],,
W7166527248,"['W7166900364', '2606.27786v1']",,
W7155085136,['W7155244759'],,
W7154726195,['W7154865317'],,
W7168284409,"['W7134810503', 'W7134861148']",,
W7154680933,['W7154865154'],,
W7147643807,['W7147745680'],,
W7208714988,['W7208749845'],,
W7154213475,['W7154285829'],,
W7147715429,['W7147955494'],,
W7160424886,['W7160565415'],,
W4415271154,['2510.12668v2'],,
W7167827120,['W7167981049'],,
W7118130091,"['W7118123076', 'W7119098701']",,
W7165059701,['W7165218716'],,
W7117121953,['W7117173475'],,
W7167016024,['W7167059640'],,
W7166841642,"['W7155921266', 'W7157506514']",,
W7167283955,['W7167379784'],,
W7154728034,['W7154865724'],,
W7153252939,['W7153670963'],,
W7196944058,"['W7163285976', 'W7163598231']",,
W7208837848,"['W7208822465', 'W7208809710', 'W7208836251']",,
W7127334606,['W7127431448'],,
W7130588722,['W7130617369'],,
W7140207391,['W7140346822'],,
W7139960205,['W7140001292'],,
W7161254461,['W7161451946'],,
W7172134974,['W7172111052'],,
W7166721753,"['W7161726481', 'W7161914794']",,
W7128395740,['W7128356260'],,
W7162774863,['W7162770570'],,
W7168298709,['W7168280657'],,
W7163812167,['W7163814609'],,
W7154405557,"['W7154539250', '2604.09682v1']",,
W7125808399,['W7125786611'],,
W7167080506,['W7167047259'],,
W7169844192,['W7170112368'],,
W7131103684,['W7162298199'],,
W7123478489,['W7124117553'],,
W7135215219,['W7135429382'],,
W7166693940,['W7166901562'],,
W7172276352,['W7172316790'],,
W7171617666,['W7172068158'],,
W7160052298,['W7160097211'],,
W7139005105,"['W7140495597', 'W7138989977']",,
W7162800446,['W7162784138'],,
W7149392603,['W7149376960'],,
W7151433556,['W7151608129'],,
W7139951295,['W7139964330'],,
W7148845334,['W7148941624'],,
W7143441255,['W7143379879'],,
W7141036179,"['W7141134499', 'W7141676488']",,
W7147632444,['W7147131092'],,
W7106164262,"['W7114997384', 'W7114801448', 'W7109785448']",,
W7117251344,"['W7116422922', 'W7117464836', 'W7122679085', 'W7126095389', 'W7128078594', 'W7126270662']",,
W7147342442,['W7147061508'],,
W7170926771,"['W7160920754', 'W7162948906']",,
W7164515776,['W7164557359'],,
W7164033159,['W7164072618'],,
W7134814343,"['W7134851253', 'W7134857320']",,
W4406657140,['2503.13415v2'],,
W4414855248,['2505.23847v5'],,
W4391591831,['2402.01968v2'],,
W7172005070,"['W7165065201', 'W7164962580', '2606.15077v1']",,
W4417068122,['2503.22719v1'],,
W4417285348,['W4414970448'],,
W7161027812,"['W7161204796', '2605.11633v1']",,
W4415370613,['W4414089258'],,
W7166866000,"['W7125676096', 'W7125759997', '2601.16965v1']",,
W4416451834,['2505.16455v1'],,
W4394661742,['2404.04752v2'],,
W4414769112,"['W7115075138', '2505.00820v1']",,
W4391212815,['2401.12975v1'],,
W7172387786,"['W7172557285', '2608.01645v1']",,
W4415262817,['2510.12061v2'],,
W4405470382,['2412.11761v2'],,
W7169845013,"['W7170111655', '2607.16269v1']",,
W4403579561,['2410.13384v1'],,
W7169887096,"['W7170111369', '2607.17437v1']",,
W7204267672,"['W7169857514', 'W7170111269', 'W7167873675', '2607.16249v1']",,
W4415337629,['2509.25034v4'],,
W7204931996,['2608.30730v1'],,
W7172290223,['W7155364623'],,
W7202127141,"['W7202231104', '2608.06949v1']",,
W7162679564,"['W7162818507', '2605.27957v1']",,
W7155049592,"['W7155245169', '2604.17615v1']",,
W7164075372,['W7164820346'],,
W7164929283,"['W7165065062', '2606.14989v1']",,
W7125398345,"['W7125459674', '2601.14437v1']",,
W4417209614,['2511.14010v2'],,
W7204146082,['2608.20983v2'],,
W7147038213,['W7146945226'],,
W7154588851,['W7154630028'],,
W7125162280,"['W7125352342', '2601.13653v1']",,
W7142728915,['W7142679595'],,
W7154350268,"['W7154539671', '2604.10475v2']",,
W7104028138,['W7104183271'],,
W7140985525,['W7141528237'],,
W4414842225,['2502.16565v2'],,
W7204897799,['2608.28628v1'],,
W7167034047,['W7156662061'],,
W7153772694,['W7153871901'],,
W7108731071,['W7108669543'],,
W7125205457,"['W7125352235', '2601.12259v1']",,
W7148943173,['W7148720420'],,
W7152748288,['W7150759976'],,
W7172339352,['W7172326188'],,
W7147709977,['W7147296618'],,
W7154741292,['W7154714146'],,
W7146977555,['W7147038720'],,
W7171877336,['W7171769616'],,
W7152966088,['W7152999318'],,
W7147055872,['W7147638831'],,
W7166702576,['W7166694777'],,
W7154243087,['W7154261792'],,
W7167475478,['W7167515930'],,
W4403075667,"['W4403623441', '2409.06351v1']",,
W4402703529,['2408.07531v2'],,
W7160612274,['W7160636843'],,
W7170681201,['W7170768245'],,
W7168925006,['W7169026353'],,
W7125709491,"['W7125760104', '2601.16529v4']",,
W7166821016,"['W7153296122', 'W7153669869', '2604.07549v2']",,
W4400487303,['2407.06025v1'],,
W7166837093,"['W7167154722', '2606.31038v1']",,
W7208750974,['W7208773659'],,
W7208728164,['W7208714278'],,
W7128004606,"['W7128096735', '2602.04197v1']",,
W7125513813,['W7125567252'],,
W7164386239,"['W7164615044', '2606.12142v1']",,
W7118536269,"['W7119235295', '2601.01522v1']",,
W7202293564,['W7202243567'],,
W7138868800,['W7138926008'],,
W4415240578,['2508.14654v1'],,
W7203717758,['2608.16349v1'],,
W4415949664,['2510.16080v1'],,
W4408443816,['W4411334503'],,
W7169767528,"['W7202184865', '2608.07520v1']",,
W7162392471,['W7162401661'],,
W7167331003,['W7167352921'],,
W7154418206,"['W7155519698', 'W7154538878', '2604.10989v1']",,
W7164966279,"['W7165219421', '2606.15121v2']",,
W7133729037,"['W7134017257', '2603.04142v1']",,
W7204181678,['2608.21602v1'],,
W7130724092,"['W7130762692', '2602.17308v1']",,
W7196923922,['W7202136550'],,
W7161803445,"['W7162044496', '2605.19351v1']",,
W7116947094,['W7116936379'],,
W7204874501,['2608.30938v1'],,
W7171710314,"['W7171902558', '2607.25485v1']",,
W7167204834,['W7167243001'],,
W7154363494,"['W7154538709', '2604.10866v2']",,
W7131651870,['W7131675521'],,
W7134853860,"['W7134859801', '2603.08164v2']",,
W7164913675,['W7164886904'],,
W7155399541,['W7155383741'],,
W4414586350,['2505.19486v2'],,
W7159622006,['W7159627215'],,
W7204160179,['2608.21387v1'],,
W7172219637,['W7172218893'],,
W7170627264,['W7125142339'],,
W7204157980,['W7204172213'],,
W4416036200,['W4415250990'],,
W4406260141,['W4392735828'],,
W4412944208,"['W4409291606', '2504.03255v2']",,
W4410986371,['W4406033223'],,
W4389217265,['2311.17227v2'],,
W4412396150,['W4416053173'],,
W7160408279,['W7160565515'],,
W4399364678,"['W4390722389', '2401.03408v1']",,
W7166518485,"['W7135083320', 'W7135156131']",,
W7147701522,['W7117237031'],,
W7161377903,"['W7124449835', '2601.10102v6']",,
W7163774026,['W7163756460'],,
W7204568785,['2608.26372v1'],,
W4409470384,['W4410490928'],,
W4392822408,['2403.08251v4'],,
W7208804702,['W7208827481'],,
W7155068324,"['W7155246366', '2604.16339v1']",,
W7110994806,['W7114821211'],,
W7164937174,['W7165063973'],,
W7127308826,"['W7127541844', '2602.00755v1']",,
W7170507572,['W7170784961'],,
W7155058168,"['W7125857254', 'W7125877379']",,
W7132825246,['W7132828177'],,
W4416248332,['W4415335565'],,
W4402811096,['W4399151813'],,
W7153991784,['W7154656223'],,
W7167583732,['W7167748854'],,
W7154458881,['W7154655472'],,
W4406139716,['W4406173299'],,
W7124278214,['W7124358462'],,
W7156954790,['W7158422853'],,
W7169609852,['W7169688326'],,
W4416372181,['2510.03514v1'],,
W7128608923,['W7128648202'],,
W7169837778,['W7170112173'],,
W7161722315,['W7161916163'],,
W7133984771,['W7134017352'],,
W7168252655,['W7168433225'],,
W7133220408,['W7133267331'],,
W7134850346,['W7134859758'],,
W7162456010,['W7162606545'],,
W7165779598,['W7165973042'],,
W7161243123,['W7161452383'],,
W7160954471,"['W7161090233', '2605.09647v1']",,
W7160844384,['W7160969223'],,
W7165906364,['W7165946629'],,
W7171849062,['W7172068627'],,
W7172301208,['W7172473337'],,
W7108206828,['W7108248227'],,
W7169682501,"['W7169649420', 'W7169676297']",,
W7197012196,"['W7129668202', 'W7130481885']",,
W7135182952,['W7135428854'],,
W7154830615,['W7154850384'],,
W7165871058,['W7166252440'],,
W7133339886,['W7133363671'],,
W7117972644,['W7118044613'],,
W4399986584,['2406.14662v3'],,
W7163569988,['W7163720361'],,
W7160611021,"['W7160726527', '2605.06527v1']",,
W7140286693,['W7140954390'],,
W7165645617,['W7165815995'],,
W7166669395,"['W7166901148', '2606.28456v1']",,
W7168154361,['W7168328923'],,
W7163401810,['W7163596417'],,
W7172397778,['W7172557887'],,
W7123906356,['W7124118058'],,
W7164134261,['W7164447182'],,
W7161835998,['W7162044869'],,
W7171550139,['W7171749801'],,
W7171791784,['W7172068101'],,
W7163803673,['W7163826031'],,
W7116916810,['W7117078473'],,
W7161600735,['W7161655037'],,
W7160040259,['W7160360473'],,
W7172299125,['W7167416221'],,
W7133329357,['W7133363652'],,
W7172007315,['W7172172773'],,
W7164477688,['W7164700619'],,
W7168361591,['W7169473756'],,
W7166862836,['W7167154662'],,
W7153797658,['W7153803317'],,
W4407759184,['2502.12197v1'],,
W7163679185,['W7163777791'],,
W7168129873,['W7168329093'],,
W7164168010,['W7164446744'],,
W7160691115,['W7160334287'],,
W4412505605,['W4416046444'],,
W7196971586,['W7201914861'],,
W7123278919,['W7123371634'],,
W7164019041,['W7164038514'],,
W7211904331,['W7211910582'],,
W7154226224,['W7154538857'],,
W7166861604,['W7166855157'],,
W7168391278,['W7169473723'],,
W7164912273,['W7165064126'],,
W7124692425,['W7124817860'],,
W7163214544,['W7163598430'],,
W7164901599,['W7165064152'],,
W7164915987,['W7165064390'],,
W7161568703,"['W7161644968', 'W7161573792']",,
W7156884256,['W7157144845'],,
W7116951835,['W7117079131'],,
W7160910034,['W7161091005'],,
W7157146605,['W7158422341'],,
W7162853523,['W7162863952'],,
W7131664962,['W7131668502'],,
W7159655438,"['W7159891831', '2604.27221v1']",,
W7165197487,['W7161487860'],,
W7117321655,"['W7117339342', '2512.21028v1']",,
W7166826130,['W7167154964'],,
W7169759217,['W7169802273'],,
W7135051460,['W7135156161'],,
W7137946191,"['W7127566091', 'W7127740526']",,
W7163317726,['W7163597956'],,
W7127161056,"['W7127203834', '2601.23088v2']",,
W7156339464,['W7155952594'],,
W7138050205,"['W7125769015', 'W7125878120']",,
W7166850939,"['W7155211817', 'W7155452028']",,
W7161121918,['W7161354024'],,
W7161702700,['W7161916677'],,
W7124426300,"['W7124513320', '2601.10198v4']",,
W7166198032,['W7166400075'],,
W7153847002,['W7153800099'],,
W7207684218,['2609.02250v1'],,
W7166884271,['W7167154065'],,
W7164202656,['W7164189046'],,
W7166850039,"['W7119495508', 'W7120272139']",,
W7160959160,['W7161092126'],,
W7154150650,['W7154427514'],,
W7133565080,['W7133521745'],,
W7138865489,"['W7128543535', 'W7128555804']",,
W7164029698,['W7164234859'],,
W7139061069,['W7139148057'],,
W7162574726,['W7147300547'],,
W7154893322,['W7154910610'],,
W7161940488,['W7162149351'],,
W7163638313,['W7163777194'],,
W7114786668,['W7114820567'],,
W7162540873,['W7162699467'],,
W7164896787,['W7165065543'],,
W7160908075,['W7161091150'],,
W7165402731,"['W7168591401', 'W7165424435']",,
W7154029922,['W7154427446'],,
W7140227643,['W7140346280'],,
W7160547168,['W7160670101'],,
W7168159628,"['W7168328906', '2607.09603v1']",,
W7162873469,"['W7162857503', 'W7159605551', 'W7159891462']",,
W7164328365,"['W7160413539', 'W7160512557', 'W7160565143']",,
W7160941764,['W7161089856'],,
W7160614481,['W7160726972'],,
W7163181016,['W7163595800'],,
W7131428765,['W7131319252'],,
W7155045682,['W7155071001'],,
W7134827956,['W7134860859'],,
W7163140343,['W7163598235'],,
W7140286459,['W7140953317'],,
W7154210451,['W7154539548'],,
W7204049455,['W7204046612'],,
W7134136570,['W7134125914'],,
W7150948673,['W7151673441'],,
W7127125425,['W7127203151'],,
W7167031124,['W7167380779'],,
W7162810933,"['W7162894231', '2605.30087v1']",,
W7116114498,['W7116210905'],,
W7134944703,['W7134992963'],,
W7126100001,['W7126123277'],,
W7140892476,"['W7138836106', '2603.24284v1']",,
W7162448080,['W7162699468'],,
W7130369262,['W7130482391'],,
W7138095028,['W4417293455'],,
W7165481416,['W7165476700'],,
W7118080457,['W7118092667'],,
W7161951393,['W7162149202'],,
W7140102748,['W7140238823'],,
W7109570019,"['W7109096867', 'W7108943637']",,
W7134939850,"['W7134910202', 'W7134893399']",,
W7129553351,['W7130236938'],,
W7164327066,"['W7147658129', 'W7148178906']",,
W7164044979,['W7164234977'],,
W7162766760,['W7162894238'],,
W7133306275,['W7133364951'],,
W7161201922,['W7161354307'],,
W7114926333,['W7114899088'],,
W7171303407,['W7171303947'],,
W7116083071,['W7116145860'],,
W7147139037,"['W7147009223', 'W7171719656']",,
W7150962868,"['W7151673077', '2604.02617v1']",,
W7155542442,['W7155561011'],,
W7172408887,['W7172559257'],,
W7159638559,['W7159891389'],,
W7196961498,['W7201914325'],,
W7168264258,['W7168434039'],,
W7128043174,['W7166643931'],,
W7163053804,['W7163057105'],,
W7172451840,['W7172559157'],,
W7133298477,['W7133363770'],,
W7154592292,['W7154789856'],,
W7166804317,"['W7154486619', 'W7154655835', '2604.12776v1']",,
W7116069326,['W7116124795'],,
W7163174640,['W7163595614'],,
W7169834506,['W7170111890'],,
W7154711690,"['W7154762200', 'W7154954189']",,
W7146966411,['W7148176659'],,
W7163994497,['W7164235508'],,
W4415952885,['2510.16392v3'],,
W7164390478,['W7164614303'],,
W7167206486,['W7167380153'],,
W7155411046,"['W7155574463', '2604.20183v2']",,
W7160919134,['W7161204463'],,
W7130856793,['W7130841798'],,
W7167092157,['W7167289504'],,
W7162780820,['W7162893192'],,
W7160493609,['W7160670314'],,
W7196942121,"['W7201914653', '2608.04574v1']",,
W7146997774,['W7148177926'],,
W7164051512,['W7164234250'],,
W7164897931,['W7165065461'],,
W7162760808,['W7162768924'],,
W7114810992,['W7114821131'],,
W7154312983,['W7154228495'],,
W7163551956,['W7163720504'],,
W7142160935,['W7141884868'],,
W7140491613,['W7141772505'],,
W7163807062,['W7163810575'],,
W7208705907,['W7208748982'],,
W7128479515,['W7128555138'],,
W7166848924,"['W7126100092', 'W7126123574']",,
W7170873136,['W7170893306'],,
W7168949306,['W7169633000'],,
W7141076536,['W7141174868'],,
W7131294212,['W7131319889'],,
W7203670914,['W7203721151'],,
W7132832090,"['W7132819739', 'W7171628839']",,
W7106116717,['W7106166110'],,
W7133334209,['W7133363582'],,
W7165650885,"['W7160427469', 'W7160565519']",,
W7161553010,['W7161655500'],,
W7151250814,['W7152331192'],,
W7127392264,['W7127417520'],,
W7203488426,['W7203497283'],,
W7163067100,['W7163008269'],,
W7165002424,['W7165218186'],,
W4416933454,['2512.00332v2'],,
W7165690502,['W7165816324'],,
W7163682590,['W7163659070'],,
W7170451560,['W7169856975'],,
W7128680838,['W7128865155'],,
W7138004636,['W7139146889'],,
W7172391703,['W7172443288'],,
W7161141780,['W7161113955'],,
W7140297379,"['W7140291102', 'W7140161335', 'W7140192434', 'W7140200860', 'W7140168068', 'W7140226694']",,
W7168102196,"['W7161728729', 'W7161917033']",,
W7156795359,['W7165746586'],,
W7165665211,['W7165816075'],,
W7148322386,['W7148440641'],,
W7127562245,['W7127627176'],,
W7153708035,['W7153847895'],,
W7164155802,['W7164446639'],,
W7166307465,['W7166324079'],,
W4416339573,['W7147371763'],,
W7154717633,['W7154694701'],,
W7169866526,['W7164527829'],,
W7131216688,['W7131319640'],,
W7168033995,"['W7167718784', 'W7167684866']",,
W7128054756,"['W7127991190', 'W7128067263']",,
W7157260422,['W7158422965'],,
W7163145244,['W7163595673'],,
W7168385577,"['W7169569340', 'W7169689124']",,
W7106659681,['W7106783335'],,
W7135040267,"['W7151357158', 'W7150817497', 'W7160629565', 'W7140141451']",,
W7164742792,['W7164761280'],,
W7153630799,['W7153617950'],,
W7125123239,['W7125351485'],,
W7164575374,"['W7164591273', 'W7164566939']",,
W7169861844,['W7170112429'],,
W7165791658,['W7165807835'],,
W7161698945,['W7161915894'],,
W7203452348,['W7203449184'],,
W7161949754,['W7162150079'],,
W7117251765,['W7117277299'],,
W7106815335,['W7106862944'],,
W7125799363,['W7125850170'],,
W7128691321,"['W7128745095', '2602.10758v1']",,
W7155158875,['W7155451892'],,
W7160151109,['W7168407265'],,
W7158958710,['W7158681596'],,
W7125904595,['W7126001918'],,
W7201894114,['W7202006370'],,
W7160985407,['W7161204462'],,
W7171706489,['W7161683629'],,
W7162325420,['W7162475079'],,
W7139947844,['W7139941502'],,
W7135078739,"['W7139929465', 'W7135016122']",,
W7106819326,['W7106855218'],,
W7167095206,['W7167289858'],,
W7138394134,"['W7139144154', '2603.15518v1']",,
W7123780807,['W7124117232'],,
W7127422397,['W7127276698'],,
W7159628308,['W7138290571'],,
W7160505137,['W7160670721'],,
W7134033780,['W7134048219'],,
W7155181971,['W7155187206'],,
W7164210954,['W7164446663'],,
W7153762197,['W7153877197'],,
W7155207333,['W7155172988'],,
W7118934407,['W7119233504'],,
W7128018227,['W7131867119'],,
W7133338599,['W7133363931'],,
W7160292630,['W7160313562'],,
W7167257198,"['W7167380339', '2607.02345v1']",,
W7133673890,['W7133945411'],,
W7134897346,['W7134964492'],,
W7124431554,['W7124513647'],,
W7161994700,['W7160763628'],,
W7165028866,['W7165218258'],,
W7127379516,"['W7127295865', 'W7127340267']",,
W7211872020,['W7211868401'],,
W7134940686,['W7134992403'],,
W7154187776,"['W7154082429', 'W7153469916']",,
W7167687764,['W7167715524'],,
W7118371590,['W7119152500'],,
W7150933622,['W7151673082'],,
W7118734269,['W7119233244'],,
W7172437796,['W7172558178'],,
W7168622561,['W7169633263'],,
W7153126684,['W7153242475'],,
W7160430643,['W7160377802'],,
W7167599348,"['W7167747075', '2607.02802v1']",,
W7154170311,['W7154427371'],,
W7171713986,['W7171720640'],,
W7154623396,['W7154569876'],,
W7204182663,['W7204164067'],,
W7154700579,['W7154759360'],,
W7150349517,['W7150113123'],,
W7106700746,['W7106782378'],,
W7151621517,['W7151299192'],,
W7118867054,['W7119224150'],,
W7160753749,['W7160761937'],,
W7162856946,['W7162858254'],,
W7107953207,['W7107942568'],,
W7168084282,['W7168092028'],,
W7168288293,['W7168432735'],,
W7154970340,['W7155245703'],,
W7147331182,['W7146946714'],,
W7147205948,['W7147047234'],,
W7169893031,['W7170112943'],,
W7169049144,['W7168580064'],,
W7160946685,['W7161039382'],,
W7154046253,['W7154055151'],,
W7167269801,['W7167423693'],,
W7167357394,"['W7166747406', 'W7167363742']",,
W7147330063,['W7147738710'],,
W7171301362,['W7171322993'],,
W7136042504,['W7136069218'],,
W7147075297,['W7147008868'],,
W7139977693,['W7139996361'],,
W7136062507,['W7136075807'],,
W7141512046,['W7141162103'],,
W7171664774,['W7171624505'],,
W7153710421,['W7153726671'],,
W7165475993,['W7165484522'],,
W7125699595,['W7125692794'],,
W7154596441,['W7159975872'],,
W7167622479,['W7167631897'],,
W7135402647,['W7135414599'],,
W7147483643,['W7147191120'],,
W7147169730,['W7147028412'],,
W7164735169,['W7165476566'],,
W7171875406,['W7171767950'],,
W7162674281,['W7162673780'],,
W7135098194,['W7135094870'],,
W7151054206,['W7150921206'],,
W7164358339,"['W7162560271', 'W7164663297']",,
W7164478728,['W7164666512'],,
W7172546710,['W7172487247'],,
W7153847768,"['W7160535257', 'W7153510957']",,
W7171368377,['W7171370705'],,
W7135219986,['W7135168452'],,
W7203875062,['W7203872541'],,
W7201890070,['W7201869856'],,
W7203932008,['W7203893148'],,
W7172381952,['W7172427830'],,
W7164996733,"['W7165218841', '2606.17246v1']",,
W7147532164,['W7147523236'],,
W7171997205,['W7172173254'],,
W4404792974,"['W4399795024', '2406.11277v1']",,
W4413461262,"['W4416501359', '2506.22486v1']",,
W4402669719,"['W4406074036', '2407.16565v1']",,
W4413364502,"['W4406779159', 'W4410225715', '2501.12746v4']",,
W4399837065,['2406.12295v2'],,
W7150841257,['W7152677759'],,
W7163413082,['W7163333540'],,
W7164490715,"['W7164399416', 'W7164309474', 'W7164514850']",,
W7119190796,"['W7119234330', '2601.01378v1']",,
W7128367982,['W7128389941'],,
W7128241486,['W7128219137'],,
W7161391770,"['W7162959601', 'W7161377449', 'W7161395336', 'W7162938530']",,
W7167807626,['W7167844004'],,
W7140290941,['W7140298747'],,
W7162200028,['W7162211482'],,
W7120242674,"['W7120272193', '2601.04212v1']",,
W7165619469,"['W7165817849', '2606.21460v1']",,
W7160839495,['W7160853224'],,
W7162041557,['W7163540210'],,
W7131311947,"['W7131319451', '2602.18583v1']",,
W7160375610,"['W7160565008', '2605.03312v1']",,
W4415154596,['2504.09071v2'],,
W7202354494,['2608.11596v1'],,
W7159113317,"['W7158548416', 'W7166735438']",,
W7151627296,"['W7152330620', '2604.04651v1']",,
W7160512254,['W7160507894'],,
W4415338117,['2509.25494v1'],,
W7134078533,"['W7134093524', '2603.05308v3']",,
W7127948667,['W7127946507'],,
W7161123187,"['W7133328361', 'W7133365321', '2603.00846v1']",,
W7167917326,['W7167926723'],,
W4415340127,['2507.04432v1'],,
W7151454351,"['W7152330630', '2604.03589v1']",,
W7117292983,"['W7117339528', '2512.21280v1']",,
W7106378791,['W7106298623'],,
W7166813367,"['W7151774376', 'W7152933391', '2604.05875v1']",,
W4414786495,['2505.00831v6'],,
W7167621528,"['W7167749368', '2607.04290v1']",,
W7169767601,['W7169788568'],,
W7160619281,"['W7160726727', '2605.05532v1']",,
W7167586484,"['W7167747954', '2607.05199v1']",,
W7134841536,"['W7134860042', '2603.07091v1']",,
W4402698827,['2408.12748v1'],,
W7140121730,"['W7138935367', 'W7139147607', '2603.16045v1']",,
W7162694722,"['W7162817734', '2605.27596v1']",,
W7125868468,"['W7125878555', '2601.17687v2']",,
W4388748508,['2311.09214v3'],,
W4401023477,['2409.11055v6'],,
W4409050134,['2503.20757v2'],,
W4403883918,['2410.02426v1'],,
W7154218890,"['W7154539842', '2604.09952v1']",,
W7163162275,"['W7163595061', '2606.00462v1']",,
W7168299475,['W7168280902'],,
W7106692103,['W7106782868'],,
W7162798415,"['W7172121862', 'W7162893984', '2605.28837v1']",,
W4414384736,['2507.15875v1'],,
W4401201838,['2407.19524v3'],,
W7148219345,['W7207072103'],,
W4415442763,['W4415442781'],,
W7169842575,['W7169863056'],,
W7136332260,['W7136286210'],,
W4415598957,"['W4415036833', '2505.21109v1']",,
W7135372947,['W7135379451'],,
W7142792036,"['W7142699620', 'W7142618422']",,
W7119472798,"['W7119557702', '2601.03874v1']",,
W7170061791,"['W7170225174', '2607.18268v1']",,
W7163588867,['W7134980546'],,
W7156105136,['W7156095204'],,
W7159571928,"['W7159891725', '2604.26961v2']",,
W4416618351,['2510.20151v2'],,
W7140125440,"['W7124169992', 'W7124227541', '2601.08500v1']",,
W4403885718,['2410.03137v1'],,
W7167723865,['W7167855210'],,
W4407571361,['2502.08903v1'],,
W7163349212,['2606.02951v1'],,
W7116754533,['W7116794596'],,
W7161473671,['W7161501202'],,
W7165142544,['W7160138990'],,
W7134931434,"['W7134972207', 'W7134984771', 'W7134921645']",,
W7147337465,['W7147293209'],,
W7154139795,['W7154094508'],,
W4416808692,['W4411728051'],,
W7165405436,['2605.19229v1'],,
W7204050445,['W7204024609'],,
W7142888003,['W7142880965'],,
W7147494510,['W7146955048'],,
W7147645578,['W7147320605'],,
W7161952888,['W7171472400'],,
W4415679924,['W4414462395'],,
W4415417899,['W4415417732'],,
W4415417807,['W4415417838'],,
W4414360336,['W4416011594'],,
W7124265481,['W7127931400'],,
W7148250201,['W7134937168'],,
W4403210794,['W4398795098'],,
W7154447624,['W7154452983'],,
W7169760713,['W7169774233'],,
W7130603427,['W7130489850'],,
W7162077705,['W7162219413'],,
W7104794680,['W7104714041'],,
W7135231172,['W7135428861'],,
W7163875736,['W7164090397'],,
W7130346023,['W7130319957'],,
W7165493391,['W7165481281'],,
W7154691926,['W7154699230'],,
W7166829810,"['W7154719965', 'W7154865453']",,
W7161596873,['W7161915526'],,
W7158888898,['W7159734092'],,
W7167899826,['W7168054396'],,
W7115682607,['W7115721386'],,
W7154471442,"['W7167091247', 'W7154486263']",,
W7147615918,['W7147134316'],,
W7203493290,['W7203465594'],,
W7172510293,['W7172489967'],,
W7160291157,['W7160458178'],,
W7161967520,['W7172451788'],,
W7167264378,"['W7167037283', 'W7167271023']",,
W7167225899,['W7167031375'],,
W7201864596,['W7202006255'],,
W7168244590,['W7168432974'],,
W7123257600,['W7123371405'],,
W7166766274,['W7166730288'],,
W7161590944,['W7161655675'],,
W7160841715,['W7161591980'],,
W7167483460,"['W7168213735', 'W7167501295', 'W7168169192', 'W7167834158']",,
W7203667916,['W7203712466'],,
W7108751687,['W7108630357'],,
W7147097187,['W7148176243'],,
W7130433438,['W7130309134'],,
W7204161519,['2608.22917v1'],,
W7148240433,['W7149030557'],,
W7160759037,['W7160753314'],,
W7203949149,['W7203855662'],,
W7168139736,['W7168211655'],,
W7165452240,['W7165459237'],,
W7167573778,"['W7167408636', 'W7166301071']",,
,S0505,S0001,dedup_final_v1.8b
,S0530,S0002,dedup_final_v1.8b
,S0344,S0004,dedup_final_v1.8b
,S0564,S0005,dedup_final_v1.8b
,S0557,S0006,dedup_final_v1.8b
,S0507,S0008,dedup_final_v1.8b
,S0407,S0009,dedup_final_v1.8b
,S0385,S0010,dedup_final_v1.8b
,S0422,S0016,dedup_final_v1.8b
,S0401,S0017,dedup_final_v1.8b
,S0331,S0018,dedup_final_v1.8b
,S0388,S0019,dedup_final_v1.8b
,S0400,S0020,dedup_final_v1.8b
,S0424,S0021,dedup_final_v1.8b
,S0553,S0022,dedup_final_v1.8b
,S0546,S0023,dedup_final_v1.8b
,S0415,S0029,dedup_final_v1.8b
,S0504,S0032,dedup_final_v1.8b
,S0512,S0033,dedup_final_v1.8b
,S0515,S0034,dedup_final_v1.8b
,S0436,S0035,dedup_final_v1.8b
,S0538,S0038,dedup_final_v1.8b
,S0506,S0039,dedup_final_v1.8b
,S0588,S0041,dedup_final_v1.8b
,S0459,S0042,dedup_final_v1.8b
,S0428,S0043,dedup_final_v1.8b
,S0518,S0045,dedup_final_v1.8b
,S0405,S0046,dedup_final_v1.8b
,S0443,S0053,dedup_final_v1.8b
,S0402,S0054,dedup_final_v1.8b
,S0411,S0056,dedup_final_v1.8b
,S0395,S0066,dedup_final_v1.8b
,S3364,S0067,dedup_final_v1.8b
,S4331,S0070,dedup_final_v1.8b
,S3966,S0073,dedup_final_v1.8b
,S0484,S0081,dedup_final_v1.8b
,S0432,S0083,dedup_final_v1.8b
,S0397,S0084,dedup_final_v1.8b
,S0444,S0085,dedup_final_v1.8b
,S0412,S0088,dedup_final_v1.8b
,S0381,S0089,dedup_final_v1.8b
,S0461,S0090,dedup_final_v1.8b
,S6862,S0090,dedup_final_v1.8b
,S0547,S0092,dedup_final_v1.8b
,S0430,S0102,dedup_final_v1.8b
,S0521,S0103,dedup_final_v1.8b
,S0409,S0107,dedup_final_v1.8b
,S0479,S0108,dedup_final_v1.8b
,S0398,S0112,dedup_final_v1.8b
,S0456,S0113,dedup_final_v1.8b
,S0457,S0114,dedup_final_v1.8b
,S3662,S0116,dedup_final_v1.8b
,S0433,S0118,dedup_final_v1.8b
,S0366,S0122,dedup_final_v1.8b
,S0419,S0123,dedup_final_v1.8b
,S0539,S0126,dedup_final_v1.8b
,S0420,S0129,dedup_final_v1.8b
,S0489,S0132,dedup_final_v1.8b
,S0414,S0134,dedup_final_v1.8b
,S0404,S0136,dedup_final_v1.8b
,S0396,S0137,dedup_final_v1.8b
,S0376,S0142,dedup_final_v1.8b
,S0519,S0145,dedup_final_v1.8b
,S0529,S0146,dedup_final_v1.8b
,S0454,S0147,dedup_final_v1.8b
,S0542,S0148,dedup_final_v1.8b
,S0426,S0149,dedup_final_v1.8b
,S0441,S0150,dedup_final_v1.8b
,S0448,S0152,dedup_final_v1.8b
,S0566,S0153,dedup_final_v1.8b
,S3095,S0165,dedup_final_v1.8b
,S10462,S0193,dedup_final_v1.8b
,S11192,S0257,dedup_final_v1.8b
,S0307,S1484,dedup_final_v1.8b
,S0309,S1730,dedup_final_v1.8b
,S0310,S0700,dedup_final_v1.8b
,S1406,S1404,dedup_final_v1.8b
,S0312,S1404,dedup_final_v1.8b
,S0321,S1250,dedup_final_v1.8b
,S0322,S1615,dedup_final_v1.8b
,S2078,S2072,dedup_final_v1.8b
,S0324,S2072,dedup_final_v1.8b
,S0327,S2248,dedup_final_v1.8b
,S0334,S2029,dedup_final_v1.8b
,S0336,S2117,dedup_final_v1.8b
,S0338,S2636,dedup_final_v1.8b
,S0339,S2327,dedup_final_v1.8b
,S0346,S1230,dedup_final_v1.8b
,S0350,S1924,dedup_final_v1.8b
,S0352,S0970,dedup_final_v1.8b
,S0353,S1348,dedup_final_v1.8b
,S0355,S0601,dedup_final_v1.8b
,S0356,S1442,dedup_final_v1.8b
,S0359,S1128,dedup_final_v1.8b
,S0361,S1736,dedup_final_v1.8b
,S0362,S1097,dedup_final_v1.8b
,S0365,S2722,dedup_final_v1.8b
,S0372,S0755,dedup_final_v1.8b
,S0375,S0735,dedup_final_v1.8b
,S0377,S1199,dedup_final_v1.8b
,S0379,S2334,dedup_final_v1.8b
,S0380,S0576,dedup_final_v1.8b
,S0382,S1116,dedup_final_v1.8b
,S0384,S2505,dedup_final_v1.8b
,S0390,S0585,dedup_final_v1.8b
,S0393,S2196,dedup_final_v1.8b
,S0394,S2052,dedup_final_v1.8b
,S0399,S1383,dedup_final_v1.8b
,S0406,S1703,dedup_final_v1.8b
,S1139,S1136,dedup_final_v1.8b
,S0413,S1136,dedup_final_v1.8b
,S0418,S1989,dedup_final_v1.8b
,S0421,S1701,dedup_final_v1.8b
,S0423,S1244,dedup_final_v1.8b
,S0425,S1126,dedup_final_v1.8b
,S0434,S1871,dedup_final_v1.8b
,S1103,S1000,dedup_final_v1.8b
,S1105,S1000,dedup_final_v1.8b
,S0438,S1000,dedup_final_v1.8b
,S0440,S0714,dedup_final_v1.8b
,S1837,S1834,dedup_final_v1.8b
,S0451,S1834,dedup_final_v1.8b
,S0452,S1661,dedup_final_v1.8b
,S0467,S1275,dedup_final_v1.8b
,S0477,S0713,dedup_final_v1.8b
,S0487,S1977,dedup_final_v1.8b
,S0495,S1022,dedup_final_v1.8b
,S0496,S1377,dedup_final_v1.8b
,S12126,S0497,dedup_final_v1.8b
,S0500,S0725,dedup_final_v1.8b
,S0501,S0848,dedup_final_v1.8b
,S0502,S0597,dedup_final_v1.8b
,S0510,S0849,dedup_final_v1.8b
,S3097,S0516,dedup_final_v1.8b
,S1108,S0917,dedup_final_v1.8b
,S0517,S0917,dedup_final_v1.8b
,S0520,S1363,dedup_final_v1.8b
,S0996,S0865,dedup_final_v1.8b
,S0522,S0865,dedup_final_v1.8b
,S0523,S2035,dedup_final_v1.8b
,S0525,S1549,dedup_final_v1.8b
,S0526,S2169,dedup_final_v1.8b
,S0527,S0768,dedup_final_v1.8b
,S0533,S0701,dedup_final_v1.8b
,S0534,S0895,dedup_final_v1.8b
,S3620,S0536,dedup_final_v1.8b
,S0554,S1402,dedup_final_v1.8b
,S0561,S0691,dedup_final_v1.8b
,S0563,S0703,dedup_final_v1.8b
,S0565,S1810,dedup_final_v1.8b
,S2939,S0582,dedup_final_v1.8b
,S2940,S0591,dedup_final_v1.8b
,S0611,S0610,dedup_final_v1.8b
,S3089,S0625,dedup_final_v1.8b
,S3090,S0637,dedup_final_v1.8b
,S3093,S0647,dedup_final_v1.8b
,S2639,S0710,dedup_final_v1.8b
,S0773,S0745,dedup_final_v1.8b
,S0803,S0756,dedup_final_v1.8b
,S0783,S0781,dedup_final_v1.8b
,S1001,S0869,dedup_final_v1.8b
,S0978,S0877,dedup_final_v1.8b
,S1060,S0902,dedup_final_v1.8b
,S0915,S0914,dedup_final_v1.8b
,S0938,S0936,dedup_final_v1.8b
,S0962,S0953,dedup_final_v1.8b
,S0980,S0975,dedup_final_v1.8b
,S0989,S0987,dedup_final_v1.8b
,S1007,S1005,dedup_final_v1.8b
,S1021,S1018,dedup_final_v1.8b
,S1020,S1019,dedup_final_v1.8b
,S1029,S1027,dedup_final_v1.8b
,S1070,S1069,dedup_final_v1.8b
,S1077,S1076,dedup_final_v1.8b
,S1089,S1090,dedup_final_v1.8b
,S2011,S1133,dedup_final_v1.8b
,S1181,S1180,dedup_final_v1.8b
,S3469,S1205,dedup_final_v1.8b
,S3507,S1212,dedup_final_v1.8b
,S1267,S1216,dedup_final_v1.8b
,S3542,S1269,dedup_final_v1.8b
,S3747,S1271,dedup_final_v1.8b
,S3644,S1284,dedup_final_v1.8b
,S1287,S1286,dedup_final_v1.8b
,S1384,S1334,dedup_final_v1.8b
,S1370,S1369,dedup_final_v1.8b
,S1388,S1386,dedup_final_v1.8b
,S3430,S1394,dedup_final_v1.8b
,S5611,S1400,dedup_final_v1.8b
,S4263,S1431,dedup_final_v1.8b
,S3428,S1439,dedup_final_v1.8b
,S1456,S1455,dedup_final_v1.8b
,S1481,S1480,dedup_final_v1.8b
,S1592,S1519,dedup_final_v1.8b
,S1807,S1551,dedup_final_v1.8b
,S1725,S1557,dedup_final_v1.8b
,S1926,S1599,dedup_final_v1.8b
,S1629,S1628,dedup_final_v1.8b
,S1644,S1640,dedup_final_v1.8b
,S1655,S1654,dedup_final_v1.8b
,S1664,S1662,dedup_final_v1.8b
,S1693,S1687,dedup_final_v1.8b
,S1706,S1710,dedup_final_v1.8b
,S1767,S1755,dedup_final_v1.8b
,S1775,S1770,dedup_final_v1.8b
,S1789,S1787,dedup_final_v1.8b
,S1802,S1801,dedup_final_v1.8b
,S1813,S1812,dedup_final_v1.8b
,S1840,S1838,dedup_final_v1.8b
,S1851,S1848,dedup_final_v1.8b
,S1864,S1863,dedup_final_v1.8b
,S1913,S1905,dedup_final_v1.8b
,S1939,S1914,dedup_final_v1.8b
,S4593,S1927,dedup_final_v1.8b
,S1985,S1969,dedup_final_v1.8b
,S2004,S1991,dedup_final_v1.8b
,S2037,S1997,dedup_final_v1.8b
,S2009,S2002,dedup_final_v1.8b
,S2027,S2024,dedup_final_v1.8b
,S2076,S2063,dedup_final_v1.8b
,S2079,S2066,dedup_final_v1.8b
,S2083,S2081,dedup_final_v1.8b
,S2133,S2131,dedup_final_v1.8b
,S2149,S2148,dedup_final_v1.8b
,S2151,S2150,dedup_final_v1.8b
,S2212,S2210,dedup_final_v1.8b
,S2245,S2243,dedup_final_v1.8b
,S2244,S2247,dedup_final_v1.8b
,S2284,S2283,dedup_final_v1.8b
,S2307,S2304,dedup_final_v1.8b
,S2309,S2308,dedup_final_v1.8b
,S2367,S2329,dedup_final_v1.8b
,S2411,S2410,dedup_final_v1.8b
,S2421,S2420,dedup_final_v1.8b
,S10027,S2435,dedup_final_v1.8b
,S2452,S2451,dedup_final_v1.8b
,S2950,S2479,dedup_final_v1.8b
,S2982,S2495,dedup_final_v1.8b
,S2499,S2497,dedup_final_v1.8b
,S10032,S2517,dedup_final_v1.8b
,S2523,S2522,dedup_final_v1.8b
,S2534,S2532,dedup_final_v1.8b
,S2557,S2535,dedup_final_v1.8b
,S10056,S2535,dedup_final_v1.8b
,S10043,S2541,dedup_final_v1.8b
,S10048,S2548,dedup_final_v1.8b
,S2574,S2573,dedup_final_v1.8b
,S2579,S2578,dedup_final_v1.8b
,S2601,S2583,dedup_final_v1.8b
,S2809,S2706,dedup_final_v1.8b
,S2802,S2711,dedup_final_v1.8b
,S2918,S2766,dedup_final_v1.8b
,S2823,S2822,dedup_final_v1.8b
,S2833,S2831,dedup_final_v1.8b
,S2854,S2853,dedup_final_v1.8b
,S2882,S2867,dedup_final_v1.8b
,S7768,S7229,dedup_final_v1.8b
